user_id,total_sessions,ratio_finished,std_step_time,ratio_mistakes,goal_mistakes_ratio,goal_finished_ratio,goal_avg_step_time,list_mistakes_ratio,list_finished_ratio,list_avg_step_time,learn_mistakes_ratio,learn_finished_ratio,learn_avg_step_time,check_mistakes_ratio,check_finished_ratio,check_avg_step_time
1,4,0.5,2.1462252824349455,0.25,0.0,1.0,2.564421907998413,0.0,0.0,2.381599742470035,,0.75,1.3952329554594096,,0.0,
2,3,0.6666666666666666,0.08856719566604884,0.2886751345948129,0.0,1.0,0.32513921519752004,0.0,0.0,0.1980942536605577,,1.0,0.5436987523742659,,0.0,
3,2,1.0,0.24371613724896415,0.0,0.0,1.0,0.19445436482630082,0.0,0.0,0.09050966799187879,,1.0,0.8662058069535205,,0.0,
4,3,0.3333333333333333,1.3942984169774382,0.0,0.0,1.0,1.0433773730499398,0.0,0.0,1.765961588861245,,0.3333333333333333,,,0.0,
5,8,0.625,2.898814066631349,0.2672612419124244,0.0,1.0,3.1484894462511326,0.0,0.0,2.768072198557793,,0.875,3.027968830436541,,0.0,0.7848885271170684
